DATE,TIME,OPEN,HIGH,LOW,CLOSE,VOL
31/01/19,00:00:00,149.0200000,153.3800000,148.7100000,151.9100000,6445910
28/02/19,00:00:00,163.0000000,164.6000000,162.1700000,163.4300000,3518870
18/03/19,00:00:00,161.3600000,163.3300000,161.3600000,161.6900000,49426
19/03/19,00:00:00,162.3000000,164.0400000,161.7300000,164.0300000,51467
20/03/19,00:00:00,163.9000000,163.9300000,161.5500000,161.6600000,44300
21/03/19,00:00:00,163.3100000,165.5000000,162.9300000,165.4200000,37695
22/03/19,00:00:00,165.6800000,166.4000000,161.3700000,161.5200000,118481
25/03/19,00:00:00,160.2300000,161.5900000,159.3900000,160.9500000,69530
26/03/19,00:00:00,161.4200000,162.0700000,157.4000000,159.4100000,246210
27/03/19,00:00:00,158.9300000,159.1600000,152.4100000,155.1500000,202088
28/03/19,00:00:00,155.9700000,156.4600000,153.5400000,155.1800000,155776
29/03/19,00:00:00,156.7400000,158.5000000,155.4400000,158.3900000,118867
01/04/19,00:00:00,160.2000000,161.6700000,158.5500000,161.2200000,125438
02/04/19,00:00:00,160.5000000,160.9900000,158.9500000,160.5050000,78366
03/04/19,00:00:00,161.7800000,163.1000000,160.6600000,162.6300000,105429
04/04/19,00:00:00,162.5700000,162.6100000,155.8600000,158.4600000,184060
05/04/19,00:00:00,159.6100000,160.1500000,158.0300000,158.4900000,125514
08/04/19,00:00:00,158.4000000,158.7900000,156.6000000,158.4400000,85455
09/04/19,00:00:00,157.0400000,158.3300000,156.6700000,156.9700000,133447
10/04/19,00:00:00,158.2000000,160.3800000,157.7100000,160.2200000,84786
11/04/19,00:00:00,160.1800000,160.8200000,159.0800000,160.8200000,87651
12/04/19,00:00:00,161.6200000,162.5000000,159.7000000,160.7100000,75050
15/04/19,00:00:00,160.7300000,161.9900000,159.5200000,160.0500000,63358
16/04/19,00:00:00,159.9500000,160.2500000,157.8300000,158.6700000,81644
17/04/19,00:00:00,159.0000000,159.0100000,155.1100000,155.3200000,119419
18/04/19,00:00:00,154.9100000,156.1800000,153.2700000,155.9700000,110569
22/04/19,00:00:00,155.4500000,159.1300000,155.4500000,158.7400000,66312
23/04/19,00:00:00,159.7500000,161.3300000,158.4900000,161.2500000,84804
24/04/19,00:00:00,161.8600000,162.4600000,159.4000000,159.5700000,99414
25/04/19,00:00:00,162.1400000,163.8000000,161.0800000,163.1900000,152527
26/04/19,00:00:00,163.1700000,166.0000000,161.3400000,165.8900000,101562
29/04/19,00:00:00,166.7100000,167.5600000,165.3400000,165.3400000,83910
30/04/19,00:00:00,165.1900000,166.4100000,163.6200000,165.4400000,882479
01/05/19,00:00:00,165.9200000,165.9200000,162.1400000,162.1400000,60997
02/05/19,00:00:00,161.5700000,162.6150000,159.8000000,161.6900000,77432
03/05/19,00:00:00,162.9800000,163.5000000,160.8900000,163.3400000,87280
06/05/19,00:00:00,158.3200000,162.8200000,157.8600000,162.5000000,82265
07/05/19,00:00:00,161.3300000,161.6700000,154.9000000,156.8850000,210672
08/05/19,00:00:00,157.1100000,157.9000000,155.0500000,156.9200000,62217
09/05/19,00:00:00,154.8700000,157.0650000,152.4400000,156.3000000,164739
10/05/19,00:00:00,156.3000000,160.5900000,154.4300000,159.9200000,109924
13/05/19,00:00:00,154.9200000,156.7900000,152.8300000,153.1600000,171158
14/05/19,00:00:00,155.0500000,158.5700000,153.0000000,158.0500000,159820
15/05/19,00:00:00,153.8200000,156.3200000,151.8600000,155.0400000,216021
16/05/19,00:00:00,156.2300000,159.4300000,155.9900000,158.4650000,137461
17/05/19,00:00:00,156.3600000,157.1100000,153.9800000,154.5600000,119655
20/05/19,00:00:00,152.5000000,156.0600000,151.7600000,155.9400000,94265
21/05/19,00:00:00,157.5000000,157.7600000,155.2800000,155.7500000,70782
22/05/19,00:00:00,155.8700000,158.1900000,155.8700000,157.7100000,79759
23/05/19,00:00:00,155.9000000,156.1300000,152.1900000,153.7550000,122609
24/05/19,00:00:00,154.8900000,156.8600000,154.2600000,154.4900000,78150
28/05/19,00:00:00,155.3800000,157.7600000,154.4950000,155.1600000,120518
29/05/19,00:00:00,153.7300000,154.0000000,151.2300000,153.0600000,135741
30/05/19,00:00:00,154.5600000,155.8600000,154.5600000,155.6500000,165290
31/05/19,00:00:00,152.5300000,154.2000000,151.3300000,151.4250000,111730
03/06/19,00:00:00,150.3100000,150.5500000,143.4200000,144.9850000,220681
04/06/19,00:00:00,146.1000000,150.7000000,142.5700000,150.4800000,316780
05/06/19,00:00:00,157.2900000,158.5000000,154.5800000,158.4600000,341993
06/06/19,00:00:00,158.5000000,159.9900000,157.4300000,159.3700000,203713
07/06/19,00:00:00,159.8500000,162.9900000,159.6000000,161.3600000,322776
10/06/19,00:00:00,153.5100000,157.2800000,150.8500000,152.7500000,1480256
11/06/19,00:00:00,155.4100000,155.6600000,148.8100000,150.0600000,663436
12/06/19,00:00:00,151.1500000,152.3000000,150.2500000,151.2800000,301500
13/06/19,00:00:00,152.1000000,152.1500000,150.2600000,151.3300000,165809
14/06/19,00:00:00,151.0800000,151.9200000,149.4900000,150.0400000,216271
17/06/19,00:00:00,150.4100000,151.2300000,150.0000000,150.2700000,239622
18/06/19,00:00:00,151.6600000,152.9300000,150.5000000,150.5500000,406200
19/06/19,00:00:00,151.5400000,154.4200000,150.5150000,154.1300000,437515
20/06/19,00:00:00,156.3000000,158.2900000,155.4300000,157.2800000,753233
21/06/19,00:00:00,156.6700000,157.7900000,155.9500000,156.8000000,528992
24/06/19,00:00:00,157.4000000,157.7300000,152.5600000,152.5600000,428395
25/06/19,00:00:00,152.9600000,152.9600000,148.6000000,149.2900000,486399
26/06/19,00:00:00,151.2000000,151.3100000,148.9300000,149.0500000,302838
27/06/19,00:00:00,149.9600000,150.7600000,148.4800000,150.6700000,446167
28/06/19,00:00:00,150.4200000,151.7500000,149.6000000,151.7400000,357234
01/07/19,00:00:00,154.6700000,154.6700000,151.8600000,154.0900000,406822
02/07/19,00:00:00,154.1500000,154.2700000,152.5900000,154.0800000,327431
03/07/19,00:00:00,154.4900000,155.7500000,154.2200000,155.7000000,280613
05/07/19,00:00:00,154.1100000,154.7800000,152.6000000,154.5900000,259918
08/07/19,00:00:00,153.3400000,153.6900000,152.0700000,152.7800000,230331
09/07/19,00:00:00,151.9000000,154.1700000,151.8700000,153.9000000,235424
10/07/19,00:00:00,154.5700000,156.3900000,154.5700000,156.2400000,355980
11/07/19,00:00:00,156.8200000,159.2900000,156.7200000,158.8900000,432420
12/07/19,00:00:00,159.2800000,159.5500000,157.4000000,158.0500000,247501
15/07/19,00:00:00,158.7600000,159.8000000,157.4800000,159.6400000,209802
16/07/19,00:00:00,159.8300000,161.5800000,156.8000000,157.0200000,430725
17/07/19,00:00:00,157.6800000,159.9000000,157.6800000,158.2700000,286720
18/07/19,00:00:00,157.0000000,158.5600000,156.5300000,157.8900000,220220
19/07/19,00:00:00,159.7500000,160.7200000,156.3100000,156.7500000,412591
22/07/19,00:00:00,157.4300000,159.0200000,157.1600000,157.7100000,217677
23/07/19,00:00:00,157.7900000,158.3800000,155.3000000,156.2800000,302703
24/07/19,00:00:00,156.2200000,160.2400000,155.9800000,159.7600000,294990
25/07/19,00:00:00,159.8800000,161.1100000,158.7100000,159.3300000,526052
26/07/19,00:00:00,159.4900000,160.8100000,158.7300000,159.9600000,366927
29/07/19,00:00:00,160.3100000,161.1700000,155.5200000,156.2100000,643763
30/07/19,00:00:00,155.3800000,158.2200000,154.6800000,156.9400000,302868
31/07/19,00:00:00,156.2200000,157.8700000,152.4500000,154.5000000,422007
01/08/19,00:00:00,154.7000000,157.7800000,150.4100000,150.5900000,974121
02/08/19,00:00:00,149.8000000,149.8000000,145.3200000,145.6800000,962949
05/08/19,00:00:00,140.5400000,143.7500000,139.8400000,142.8000000,690173
06/08/19,00:00:00,144.1200000,144.9400000,141.9900000,142.8300000,325509
07/08/19,00:00:00,140.9300000,143.1000000,139.0900000,141.6300000,456018
08/08/19,00:00:00,143.5600000,144.9600000,142.3200000,143.6900000,520266
09/08/19,00:00:00,143.8300000,144.4300000,141.7200000,143.4200000,298280
12/08/19,00:00:00,141.4800000,141.8900000,140.0500000,140.6800000,201001
13/08/19,00:00:00,140.8400000,145.0000000,140.4600000,143.8500000,287115
14/08/19,00:00:00,141.5200000,142.1300000,137.8900000,139.7100000,468305
15/08/19,00:00:00,140.9700000,143.3000000,139.7500000,142.1100000,364878
16/08/19,00:00:00,143.0600000,145.3300000,142.6200000,143.8800000,426760
19/08/19,00:00:00,145.7400000,146.0900000,142.9400000,143.6100000,322084
20/08/19,00:00:00,144.0000000,146.4900000,143.0600000,145.5900000,414612
21/08/19,00:00:00,146.9200000,148.3600000,146.1900000,147.3700000,435652
22/08/19,00:00:00,149.4900000,149.8200000,145.4800000,148.3300000,673863
23/08/19,00:00:00,157.7000000,158.4000000,150.6500000,151.6100000,1778085
26/08/19,00:00:00,153.9900000,155.2100000,151.5400000,155.1800000,673978
27/08/19,00:00:00,154.8700000,155.5600000,152.5700000,153.6200000,580123
28/08/19,00:00:00,152.6500000,152.6600000,150.8700000,151.8300000,415743
29/08/19,00:00:00,153.4000000,156.0000000,152.8400000,155.9300000,533833
30/08/19,00:00:00,156.4700000,158.1800000,153.7000000,156.0600000,738205
03/09/19,00:00:00,154.2100000,155.2700000,151.7800000,152.7700000,301752
04/09/19,00:00:00,154.0300000,154.8600000,152.3300000,152.5000000,189759
05/09/19,00:00:00,154.6400000,154.6400000,151.9500000,153.7900000,355768
06/09/19,00:00:00,153.9700000,153.9700000,150.8300000,151.1300000,294496
09/09/19,00:00:00,151.6500000,152.0000000,148.1400000,149.6000000,423575
10/09/19,00:00:00,148.5000000,151.6500000,147.7700000,149.4600000,346709
11/09/19,00:00:00,150.0000000,154.6300000,149.1700000,154.1200000,418028
12/09/19,00:00:00,155.0400000,156.8000000,154.4400000,154.8000000,471700
13/09/19,00:00:00,154.5000000,154.9000000,152.7600000,152.9600000,220565
16/09/19,00:00:00,151.6500000,153.9950000,151.5100000,153.0000000,174478
17/09/19,00:00:00,152.9300000,153.3100000,151.7400000,152.8200000,174975
18/09/19,00:00:00,152.2800000,152.9100000,150.6000000,152.7000000,203328
19/09/19,00:00:00,153.4300000,154.1300000,152.7800000,153.5900000,245498
20/09/19,00:00:00,154.6900000,156.8800000,153.6300000,155.1600000,571249
23/09/19,00:00:00,154.2600000,155.1900000,152.9700000,154.5900000,249489
24/09/19,00:00:00,154.5100000,156.2500000,151.0900000,152.1900000,244232
25/09/19,00:00:00,152.0700000,153.1900000,148.9100000,152.9900000,232284
26/09/19,00:00:00,152.3900000,153.4000000,151.9000000,152.4300000,222856
27/09/19,00:00:00,152.7100000,152.7100000,146.7800000,148.2800000,414593
30/09/19,00:00:00,148.3400000,148.8300000,147.6400000,148.4600000,198035
01/10/19,00:00:00,149.2400000,150.1400000,147.2700000,147.7800000,174957
02/10/19,00:00:00,145.8600000,146.2400000,143.2000000,144.2300000,259705
03/10/19,00:00:00,143.8300000,146.9400000,142.1500000,146.9400000,174706
04/10/19,00:00:00,148.2100000,148.9100000,146.2500000,148.0000000,215256
07/10/19,00:00:00,147.5300000,149.3000000,147.0400000,148.8000000,205029
08/10/19,00:00:00,147.5000000,148.3000000,145.8300000,145.8600000,157568
09/10/19,00:00:00,147.3800000,147.8300000,146.6400000,147.1300000,154359
10/10/19,00:00:00,146.4500000,147.5300000,145.5800000,146.3800000,193502
11/10/19,00:00:00,148.0900000,150.7100000,148.0900000,149.4400000,364575
14/10/19,00:00:00,150.1000000,150.1200000,148.8500000,149.3600000,109416
15/10/19,00:00:00,149.7200000,152.9600000,149.6200000,152.8100000,315354
16/10/19,00:00:00,147.2600000,150.7100000,145.8300000,146.9800000,520224
17/10/19,00:00:00,147.5800000,148.0300000,145.5100000,146.1700000,364670
18/10/19,00:00:00,146.1700000,146.3200000,142.4100000,144.0800000,492220
21/10/19,00:00:00,144.2800000,145.1750000,143.0000000,144.5600000,258538
22/10/19,00:00:00,144.9500000,145.9100000,142.1600000,142.3400000,233753
23/10/19,00:00:00,142.1100000,145.5300000,141.6500000,145.1300000,316247
24/10/19,00:00:00,146.5300000,148.7900000,146.5300000,148.0600000,357194
25/10/19,00:00:00,146.9000000,150.6400000,146.4700000,150.4800000,337071
28/10/19,00:00:00,151.3800000,154.9200000,149.5000000,154.7800000,442675
29/10/19,00:00:00,154.7300000,156.1000000,154.5600000,155.1900000,415520
30/10/19,00:00:00,155.7500000,158.4000000,155.1100000,158.3200000,228446
31/10/19,00:00:00,156.9600000,157.6000000,155.2400000,156.5000000,268049
01/11/19,00:00:00,157.8000000,160.0600000,156.8300000,159.7700000,373736
04/11/19,00:00:00,160.7100000,161.1900000,156.7000000,157.6100000,379946
05/11/19,00:00:00,157.6700000,159.0600000,155.4900000,158.1700000,312235
06/11/19,00:00:00,158.9400000,160.0000000,157.8500000,158.9100000,230388
07/11/19,00:00:00,159.0300000,161.1200000,158.1700000,159.5000000,259909
08/11/19,00:00:00,159.4700000,161.2000000,158.9100000,161.1600000,228253
11/11/19,00:00:00,161.2800000,162.2250000,160.2500000,161.8200000,223226
12/11/19,00:00:00,161.9300000,164.3350000,161.8100000,162.8600000,183109
13/11/19,00:00:00,163.0000000,164.4200000,162.0600000,162.5800000,269586
14/11/19,00:00:00,163.4000000,163.5600000,162.3900000,163.0000000,205166
15/11/19,00:00:00,163.7100000,163.7100000,160.9900000,163.1900000,276335
18/11/19,00:00:00,163.8500000,163.8500000,161.8900000,162.7500000,315564
19/11/19,00:00:00,163.6700000,164.4400000,161.8700000,164.0000000,237671
20/11/19,00:00:00,163.1950000,166.3400000,162.3200000,164.6300000,494184
21/11/19,00:00:00,165.2900000,165.8500000,162.2300000,162.9600000,461868
22/11/19,00:00:00,163.1800000,163.1800000,161.3900000,162.7800000,239424
25/11/19,00:00:00,163.7800000,164.5900000,161.4500000,161.6100000,386385
26/11/19,00:00:00,161.6700000,162.6000000,161.3400000,162.5100000,256871
27/11/19,00:00:00,162.2400000,162.7700000,161.1200000,161.4800000,287044
29/11/19,00:00:00,161.5600000,163.4000000,161.4700000,163.0200000,200137
02/12/19,00:00:00,163.0100000,163.1700000,158.2200000,161.0200000,469291
03/12/19,00:00:00,157.0600000,161.8500000,157.0500000,161.6500000,487613
04/12/19,00:00:00,160.4600000,160.4600000,154.5200000,156.4600000,1123670
05/12/19,00:00:00,155.5700000,158.9200000,155.3600000,158.2500000,704180
06/12/19,00:00:00,158.0700000,159.5000000,157.6200000,158.0800000,362885
09/12/19,00:00:00,158.5300000,158.9000000,157.1100000,157.4700000,153940
10/12/19,00:00:00,157.3100000,157.4900000,156.1900000,156.5000000,244001
11/12/19,00:00:00,155.8100000,156.8100000,155.5000000,156.3700000,95290
13/12/19,00:00:00,161.0600000,161.0600000,161.0600000,161.0600000,100
16/12/19,00:00:00,161.1500000,162.7100000,160.9800000,161.9700000,358032
17/12/19,00:00:00,161.9800000,162.3500000,159.7500000,161.7200000,429099
18/12/19,00:00:00,161.8800000,163.2600000,161.5100000,161.6100000,283935
19/12/19,00:00:00,161.6000000,163.3200000,160.8600000,163.3200000,261713
20/12/19,00:00:00,164.0600000,165.1700000,163.6700000,164.4800000,328367
23/12/19,00:00:00,163.9900000,164.8600000,163.3700000,163.7800000,229148
24/12/19,00:00:00,163.2200000,163.7900000,162.9000000,163.2400000,56011
26/12/19,00:00:00,163.4900000,164.5300000,163.4600000,164.5000000,108410
27/12/19,00:00:00,164.9000000,165.4400000,163.9400000,164.9800000,188606
30/12/19,00:00:00,164.7500000,164.8600000,161.2600000,162.4200000,223161
31/12/19,00:00:00,162.6900000,162.7700000,162.0000000,162.6400000,164591
02/01/20,00:00:00,163.9500000,167.0600000,163.7500000,167.0400000,307409
03/01/20,00:00:00,165.5300000,166.7700000,165.3200000,166.2200000,182642
06/01/20,00:00:00,164.5100000,173.6500000,164.5100000,173.4200000,598593
07/01/20,00:00:00,173.0600000,176.8500000,172.1300000,176.0000000,584900
08/01/20,00:00:00,175.2300000,178.8300000,174.7700000,177.3200000,368829
09/01/20,00:00:00,178.7800000,179.9000000,177.2900000,179.6300000,348554
10/01/20,00:00:00,179.8400000,180.6400000,178.7400000,180.2300000,343046
13/01/20,00:00:00,181.4000000,184.4500000,181.1600000,183.7900000,419541
14/01/20,00:00:00,183.5400000,183.5800000,182.0400000,182.0400000,281315
15/01/20,00:00:00,181.6600000,183.0500000,180.6200000,181.0300000,268815
16/01/20,00:00:00,182.3000000,183.0300000,180.9800000,182.6900000,172072
17/01/20,00:00:00,183.2000000,183.2500000,181.4900000,182.2000000,182183
21/01/20,00:00:00,181.6600000,185.9900000,181.5000000,185.2900000,554790
22/01/20,00:00:00,185.5300000,186.3900000,182.6900000,182.7200000,320661
23/01/20,00:00:00,182.9600000,184.2800000,181.4200000,184.0000000,317266
24/01/20,00:00:00,185.1800000,186.1200000,181.1600000,182.1100000,330016
27/01/20,00:00:00,177.7500000,181.6700000,177.4900000,180.7000000,227716
28/01/20,00:00:00,181.5100000,183.8300000,180.4500000,182.8200000,160526
29/01/20,00:00:00,183.8900000,184.0700000,181.7000000,181.7700000,158416
30/01/20,00:00:00,181.0800000,185.9100000,180.8700000,185.6600000,198016
31/01/20,00:00:00,183.6600000,183.6600000,180.8100000,182.3100000,235442
03/02/20,00:00:00,183.2100000,185.8700000,181.9600000,185.4100000,296945
04/02/20,00:00:00,188.0000000,189.6400000,186.8100000,188.3400000,262119
05/02/20,00:00:00,190.4100000,190.4900000,182.8800000,185.5200000,316782
06/02/20,00:00:00,186.6400000,187.5600000,184.4000000,186.7100000,225481
07/02/20,00:00:00,186.4200000,188.6400000,185.6700000,185.6900000,225548
10/02/20,00:00:00,186.0100000,189.2700000,185.7200000,189.0100000,326225
11/02/20,00:00:00,191.5000000,192.5450000,188.6800000,189.1200000,283416
12/02/20,00:00:00,189.7100000,190.4900000,186.8000000,189.3700000,309075
13/02/20,00:00:00,188.8400000,191.0500000,188.4400000,188.6500000,214096
14/02/20,00:00:00,189.3700000,190.2300000,188.1900000,189.9200000,212064
18/02/20,00:00:00,190.5100000,191.4600000,189.0000000,191.0600000,292178
19/02/20,00:00:00,191.9900000,193.8900000,191.9900000,192.8700000,259704
20/02/20,00:00:00,194.0000000,195.7000000,189.8500000,193.2900000,426905
21/02/20,00:00:00,191.8600000,192.0400000,186.7400000,189.5100000,346705
24/02/20,00:00:00,180.1600000,187.1500000,179.3600000,186.0100000,507613
25/02/20,00:00:00,188.3600000,189.9400000,179.4400000,181.6800000,620274
26/02/20,00:00:00,176.7300000,182.6650000,174.3400000,178.8300000,1035809
27/02/20,00:00:00,172.3900000,178.3000000,170.0500000,172.1100000,575914
28/02/20,00:00:00,164.9900000,171.7700000,163.1200000,170.1800000,901832
02/03/20,00:00:00,172.1600000,176.7500000,168.8100000,176.7500000,443126
03/03/20,00:00:00,178.0400000,178.0400000,167.2000000,169.2900000,355735
04/03/20,00:00:00,172.3500000,175.7700000,169.6300000,175.7700000,356025
05/03/20,00:00:00,172.5700000,173.7300000,168.1000000,169.7100000,425225
06/03/20,00:00:00,165.4400000,167.5700000,158.5500000,164.1850000,830422
09/03/20,00:00:00,152.3700000,157.6800000,150.7600000,151.2800000,791471
10/03/20,00:00:00,157.1600000,161.3900000,151.0300000,161.2300000,808292
11/03/20,00:00:00,157.9500000,159.6200000,150.1800000,154.6900000,753544
12/03/20,00:00:00,144.2900000,151.0500000,140.5000000,140.5000000,1032794
13/03/20,00:00:00,149.2700000,149.4800000,135.4000000,147.7950000,1212644
16/03/20,00:00:00,131.1050000,141.4500000,123.3900000,124.3000000,794898
17/03/20,00:00:00,127.0100000,138.0000000,122.9400000,135.5950000,769927
18/03/20,00:00:00,125.0500000,133.3400000,115.3000000,132.5000000,832490
19/03/20,00:00:00,131.7000000,143.9600000,128.8600000,139.4600000,689619
20/03/20,00:00:00,140.9000000,146.1500000,134.6000000,139.8800000,920292
23/03/20,00:00:00,136.6600000,143.6800000,134.4500000,140.5300000,1120444
24/03/20,00:00:00,144.0200000,154.1400000,143.4900000,154.1400000,1034020
25/03/20,00:00:00,153.0000000,158.0000000,146.9900000,147.0700000,1091919
26/03/20,00:00:00,148.3800000,155.0000000,147.8200000,154.6600000,710354
27/03/20,00:00:00,151.0500000,151.2250000,144.9450000,145.9900000,721180
30/03/20,00:00:00,147.7900000,152.9900000,146.5600000,149.6700000,682796
31/03/20,00:00:00,148.7400000,151.9500000,142.7800000,143.9600000,841214
01/04/20,00:00:00,137.6600000,139.0000000,133.2200000,134.0500000,781477
02/04/20,00:00:00,133.9500000,135.3800000,130.0400000,134.4200000,660172
03/04/20,00:00:00,134.2100000,136.1800000,131.7200000,134.3200000,376558
06/04/20,00:00:00,139.0600000,148.5900000,138.3600000,147.1300000,726229
07/04/20,00:00:00,150.4900000,150.6100000,144.5500000,145.0400000,645745
08/04/20,00:00:00,146.3000000,152.1300000,145.0000000,151.0600000,538865
09/04/20,00:00:00,152.4100000,156.0000000,151.7500000,154.7000000,465528
13/04/20,00:00:00,154.0000000,155.2100000,150.0000000,152.5700000,292379
14/04/20,00:00:00,155.5500000,158.7600000,155.3600000,157.7200000,364442
15/04/20,00:00:00,155.0000000,157.2500000,154.0000000,155.7400000,315390
16/04/20,00:00:00,156.9200000,158.0000000,154.2800000,157.0500000,330000
17/04/20,00:00:00,159.9900000,163.2400000,157.7100000,162.6200000,395191
20/04/20,00:00:00,161.0300000,164.3000000,160.7400000,162.8600000,304935
21/04/20,00:00:00,159.8300000,160.0500000,148.0000000,150.5200000,1127063
22/04/20,00:00:00,154.0000000,155.7000000,150.6800000,154.0500000,404865
23/04/20,00:00:00,153.9300000,156.4500000,151.5100000,151.8600000,441306
24/04/20,00:00:00,153.6300000,154.4200000,151.3200000,154.0700000,384984
27/04/20,00:00:00,155.3600000,158.4200000,154.3300000,157.6100000,428642
28/04/20,00:00:00,159.5500000,160.7500000,154.1800000,154.4100000,429482
29/04/20,00:00:00,157.8100000,161.7400000,156.5900000,160.3400000,438250
30/04/20,00:00:00,164.0000000,165.2600000,161.1300000,161.8200000,280214
01/05/20,00:00:00,158.3100000,160.1100000,155.2700000,156.4800000,318527
04/05/20,00:00:00,155.5900000,162.0200000,155.1400000,161.4900000,377950
05/05/20,00:00:00,162.8000000,164.1000000,160.3200000,163.2400000,362070
06/05/20,00:00:00,164.5000000,165.7000000,163.0000000,163.6600000,339312
07/05/20,00:00:00,166.5100000,171.2400000,166.0200000,169.9200000,472246
08/05/20,00:00:00,172.9700000,176.0500000,171.1900000,175.9500000,357523
11/05/20,00:00:00,175.5400000,183.2800000,174.2000000,182.7000000,581452
12/05/20,00:00:00,183.0100000,183.0100000,177.0600000,177.6600000,433458
13/05/20,00:00:00,175.0800000,175.1800000,166.3100000,169.7200000,1020162
14/05/20,00:00:00,168.5600000,168.5600000,164.5800000,166.9600000,617983
15/05/20,00:00:00,167.2600000,171.7100000,166.2000000,171.3000000,575088
18/05/20,00:00:00,173.9800000,176.9900000,172.1900000,172.4800000,534697
19/05/20,00:00:00,172.7500000,178.1700000,172.7500000,176.0700000,386919
20/05/20,00:00:00,178.5700000,179.0900000,174.9200000,176.9400000,367878
21/05/20,00:00:00,176.9800000,178.2700000,174.9500000,175.2200000,337776
22/05/20,00:00:00,176.9700000,178.6400000,175.5000000,177.7800000,383910
26/05/20,00:00:00,181.7700000,181.9300000,176.2200000,176.5300000,543069
27/05/20,00:00:00,175.4500000,176.6000000,171.4400000,176.4800000,568908
28/05/20,00:00:00,180.0000000,184.8000000,177.2000000,181.3000000,798366
29/05/20,00:00:00,174.0600000,174.9900000,170.7000000,174.5900000,1195434
01/06/20,00:00:00,173.1000000,177.5000000,172.6900000,176.3700000,281549
02/06/20,00:00:00,174.8000000,174.8200000,171.2200000,174.2100000,366304
03/06/20,00:00:00,174.6200000,175.3300000,172.8500000,175.0100000,253156
04/06/20,00:00:00,175.0000000,175.3600000,170.0000000,171.3400000,269301
05/06/20,00:00:00,170.3100000,174.1800000,167.0400000,173.9800000,470703
08/06/20,00:00:00,173.6100000,176.5000000,172.6600000,176.5000000,201165
09/06/20,00:00:00,176.0000000,176.0000000,173.5300000,174.5800000,198985
10/06/20,00:00:00,176.1600000,182.5000000,176.0900000,182.2300000,557285
11/06/20,00:00:00,176.6400000,178.3300000,172.0100000,172.0800000,280035
12/06/20,00:00:00,175.8950000,177.6400000,171.9900000,175.1400000,272095
15/06/20,00:00:00,172.0700000,178.8800000,171.5200000,178.6900000,340667
16/06/20,00:00:00,180.2800000,182.4800000,178.0400000,180.4500000,248687
17/06/20,00:00:00,180.7700000,182.7300000,180.7700000,181.4800000,255446
18/06/20,00:00:00,181.9800000,188.9900000,181.8000000,187.5600000,432700
19/06/20,00:00:00,189.6700000,191.2200000,185.4900000,186.8900000,404989
22/06/20,00:00:00,187.4000000,192.4700000,187.0200000,191.6200000,237667
23/06/20,00:00:00,192.0000000,194.0700000,188.6000000,189.0350000,196515
24/06/20,00:00:00,188.0000000,189.2800000,184.2100000,185.5000000,244180
25/06/20,00:00:00,186.0000000,188.7600000,184.4400000,188.3200000,167310
26/06/20,00:00:00,187.9800000,188.0200000,183.0200000,183.3300000,242360
29/06/20,00:00:00,183.3000000,183.6600000,180.0300000,183.2800000,192726
30/06/20,00:00:00,183.4500000,187.8800000,183.2200000,187.3600000,171114
01/07/20,00:00:00,188.0000000,192.7900000,187.5600000,191.9700000,185842
02/07/20,00:00:00,193.3200000,195.3700000,192.3300000,192.4400000,181096
06/07/20,00:00:00,194.3100000,199.3800000,193.8400000,197.7000000,200000
07/07/20,00:00:00,197.3000000,200.1000000,196.2750000,196.3700000,155729
08/07/20,00:00:00,197.7000000,201.1900000,197.4700000,200.3400000,213716
09/07/20,00:00:00,202.2000000,202.8200000,195.7100000,200.8400000,262356
10/07/20,00:00:00,200.0000000,200.6000000,197.1100000,198.9300000,159372
13/07/20,00:00:00,199.9500000,200.0200000,188.0300000,188.2600000,262449
14/07/20,00:00:00,185.0400000,189.9300000,183.3500000,189.5350000,230583
15/07/20,00:00:00,191.2000000,192.0200000,186.7700000,188.1000000,291136
16/07/20,00:00:00,186.2500000,186.7500000,181.9300000,185.5400000,287850
17/07/20,00:00:00,187.0700000,188.4000000,183.3800000,187.8000000,159601
20/07/20,00:00:00,188.0000000,195.3000000,187.4300000,195.1500000,200588
21/07/20,00:00:00,195.9500000,196.2500000,189.5500000,190.8200000,218112
22/07/20,00:00:00,191.0400000,191.7700000,188.8700000,191.3500000,104446
23/07/20,00:00:00,191.4700000,194.4900000,187.5400000,188.5500000,118492
24/07/20,00:00:00,186.0100000,188.8000000,184.5000000,188.5400000,120356
27/07/20,00:00:00,189.9000000,191.5300000,188.8800000,190.9100000,97714
28/07/20,00:00:00,191.0400000,192.9500000,189.1400000,189.5900000,175373
29/07/20,00:00:00,190.1200000,194.5200000,189.7800000,193.5300000,181021
30/07/20,00:00:00,190.0400000,191.9200000,187.4300000,191.6000000,134228
31/07/20,00:00:00,193.0600000,194.9300000,190.7900000,194.9300000,125167
03/08/20,00:00:00,197.8000000,204.7800000,196.6800000,203.1800000,310972
04/08/20,00:00:00,202.8700000,203.2300000,199.1000000,201.3700000,122123
05/08/20,00:00:00,202.3400000,203.8700000,201.6200000,202.6500000,86148
06/08/20,00:00:00,202.9800000,209.9500000,202.4000000,207.8200000,251803
07/08/20,00:00:00,206.2300000,206.7400000,198.7000000,200.9900000,223753
10/08/20,00:00:00,200.2000000,201.4300000,195.7800000,197.1200000,183679
11/08/20,00:00:00,193.9900000,195.8000000,191.7500000,191.9100000,174644
12/08/20,00:00:00,193.1700000,195.2200000,192.1800000,192.6300000,194615
13/08/20,00:00:00,193.4600000,198.0200000,193.2900000,195.0800000,140432
14/08/20,00:00:00,195.3300000,195.3300000,192.5200000,193.3400000,124554
17/08/20,00:00:00,195.4350000,197.0400000,194.5900000,196.6500000,93738
18/08/20,00:00:00,199.3400000,204.7900000,199.0000000,204.0100000,268744
19/08/20,00:00:00,203.9000000,207.0200000,200.0400000,205.1000000,216735
20/08/20,00:00:00,203.9200000,210.0800000,203.5700000,209.4400000,239812
21/08/20,00:00:00,209.8000000,209.9700000,206.3000000,207.6300000,198047
24/08/20,00:00:00,208.6500000,209.0900000,205.2400000,208.3700000,213385
25/08/20,00:00:00,213.1300000,218.3000000,210.8300000,216.0400000,556248
26/08/20,00:00:00,251.9000000,277.9000000,249.5000000,272.3400000,1766362
27/08/20,00:00:00,267.1000000,278.2800000,260.9300000,276.3500000,686901
28/08/20,00:00:00,271.5000000,275.7000000,267.5600000,271.1400000,527213
31/08/20,00:00:00,269.8300000,274.6200000,265.9100000,272.5000000,464388
01/09/20,00:00:00,271.7300000,281.8400000,270.5800000,281.3300000,473500
02/09/20,00:00:00,282.7200000,284.4700000,268.6100000,276.7900000,392646
03/09/20,00:00:00,270.5000000,271.6600000,257.4900000,264.7500000,606707
04/09/20,00:00:00,262.3300000,265.5200000,243.3900000,254.8700000,581739
08/09/20,00:00:00,241.1500000,253.5900000,240.2300000,241.2300000,735864
09/09/20,00:00:00,246.2700000,253.4300000,243.0000000,250.4200000,368199
10/09/20,00:00:00,254.6600000,256.2900000,246.9700000,247.6600000,244459
11/09/20,00:00:00,250.9600000,250.9600000,239.7000000,243.0600000,269352
14/09/20,00:00:00,246.8500000,248.7900000,244.1400000,246.6700000,221521
15/09/20,00:00:00,251.0400000,251.9400000,248.7400000,251.7000000,181281
16/09/20,00:00:00,254.7700000,255.3100000,250.3300000,250.6000000,249685
17/09/20,00:00:00,246.0000000,248.7600000,241.3400000,244.4300000,270582
18/09/20,00:00:00,245.0300000,248.0700000,238.7550000,242.7800000,288588
21/09/20,00:00:00,238.3600000,245.0500000,236.8100000,244.8600000,246934
22/09/20,00:00:00,246.6100000,248.5600000,241.3000000,247.6800000,177713
23/09/20,00:00:00,248.2500000,248.7700000,235.3500000,235.9700000,361411
24/09/20,00:00:00,235.5000000,239.8800000,233.6800000,237.4500000,228363
25/09/20,00:00:00,237.2000000,243.8900000,235.1200000,242.7100000,267094
28/09/20,00:00:00,247.9800000,248.5600000,242.2550000,246.7500000,188287
29/09/20,00:00:00,245.4000000,247.8700000,244.5100000,247.5000000,257170
30/09/20,00:00:00,246.9200000,255.3500000,246.7100000,251.0700000,462102
01/10/20,00:00:00,253.5100000,254.6700000,250.8600000,253.3600000,195781
02/10/20,00:00:00,249.0400000,254.9200000,247.2700000,247.8100000,244758
05/10/20,00:00:00,250.2600000,253.2800000,249.0000000,251.5600000,104183
06/10/20,00:00:00,252.8500000,257.2500000,249.0700000,250.0800000,183222
07/10/20,00:00:00,252.9000000,260.6900000,252.7700000,260.0000000,198750
08/10/20,00:00:00,264.4900000,264.4900000,257.1250000,260.2300000,194621
09/10/20,00:00:00,262.9900000,266.0500000,261.7200000,266.0500000,149752
12/10/20,00:00:00,269.5000000,269.5400000,265.3800000,267.0400000,254114
13/10/20,00:00:00,265.3800000,268.6100000,265.0900000,266.8200000,200342
14/10/20,00:00:00,270.0000000,270.0000000,258.8600000,261.9000000,214792
15/10/20,00:00:00,258.1000000,259.9300000,254.1200000,257.5800000,183969
16/10/20,00:00:00,259.2500000,262.5200000,258.5400000,258.5500000,129867
19/10/20,00:00:00,259.9900000,261.4200000,254.5300000,255.0900000,166824
20/10/20,00:00:00,256.0800000,259.1800000,254.2400000,256.1200000,111155
21/10/20,00:00:00,256.2900000,258.2700000,251.8700000,254.2100000,152356
22/10/20,00:00:00,254.1300000,255.0000000,246.1300000,249.4900000,221177
23/10/20,00:00:00,250.2200000,250.5500000,246.8700000,250.4400000,200850
26/10/20,00:00:00,245.1600000,248.0900000,237.4300000,241.7900000,285034
27/10/20,00:00:00,246.8000000,251.6100000,245.9500000,250.2400000,210806
28/10/20,00:00:00,245.0200000,245.1600000,238.0100000,238.2200000,180137
29/10/20,00:00:00,242.2800000,242.4200000,237.1800000,237.1800000,200470
30/10/20,00:00:00,235.8000000,237.6500000,228.7200000,232.3200000,263898
02/11/20,00:00:00,235.1300000,238.3200000,229.0700000,232.4200000,198785
03/11/20,00:00:00,235.1800000,240.8600000,233.4500000,237.0600000,273586
04/11/20,00:00:00,246.0200000,252.6900000,243.2500000,250.7400000,395709
05/11/20,00:00:00,258.8000000,260.8600000,255.5000000,260.3850000,310034
06/11/20,00:00:00,259.8500000,261.7500000,254.4900000,260.2600000,201382
09/11/20,00:00:00,261.4700000,270.9000000,257.5700000,259.4200000,340794
10/11/20,00:00:00,258.2200000,258.9700000,242.9000000,247.7000000,364562
11/11/20,00:00:00,253.8200000,256.6700000,251.3700000,254.2800000,246670
12/11/20,00:00:00,247.9900000,254.8500000,247.5900000,249.4900000,202518
13/11/20,00:00:00,253.0000000,253.7900000,247.6900000,249.6600000,176324
16/11/20,00:00:00,249.3400000,253.3700000,248.4050000,249.9800000,175217
17/11/20,00:00:00,253.1700000,258.2000000,250.6900000,256.2200000,212984
18/11/20,00:00:00,256.9100000,262.6000000,256.0400000,257.2600000,264067
19/11/20,00:00:00,256.8600000,267.0900000,255.7800000,264.6900000,319512
20/11/20,00:00:00,264.0400000,265.0200000,257.8200000,257.8900000,284072
23/11/20,00:00:00,259.9200000,261.1100000,254.6200000,257.7300000,238145
24/11/20,00:00:00,259.9400000,262.2200000,257.9400000,260.8000000,240220
25/11/20,00:00:00,263.0000000,266.0800000,245.0800000,246.7000000,894602
27/11/20,00:00:00,251.1500000,251.8100000,247.0300000,247.8900000,176496
30/11/20,00:00:00,245.6700000,247.5900000,236.1200000,246.2600000,559902
01/12/20,00:00:00,245.0100000,245.5000000,238.7500000,241.2800000,432059
02/12/20,00:00:00,225.4900000,225.4900000,215.6700000,220.6800000,1826173
03/12/20,00:00:00,225.9300000,225.9700000,220.1400000,220.8200000,885538
04/12/20,00:00:00,223.8700000,228.5700000,221.9100000,225.4700000,738557
07/12/20,00:00:00,228.1100000,229.8700000,226.3100000,227.7600000,357961
08/12/20,00:00:00,228.4000000,229.4000000,225.6600000,227.8800000,290366
09/12/20,00:00:00,228.1300000,228.7600000,220.0700000,220.4100000,551598
10/12/20,00:00:00,220.6800000,224.2800000,220.6750000,223.0100000,305219
11/12/20,00:00:00,221.9200000,222.7000000,220.0000000,222.4300000,326504
14/12/20,00:00:00,223.2500000,223.4000000,220.5100000,221.1600000,250964
15/12/20,00:00:00,222.1100000,222.1400000,218.2200000,220.1900000,332354
16/12/20,00:00:00,221.4000000,224.0000000,220.3300000,223.6200000,331539
17/12/20,00:00:00,225.0000000,226.7300000,224.5700000,225.9000000,271092
18/12/20,00:00:00,226.9400000,227.8100000,224.5000000,227.4100000,320626
21/12/20,00:00:00,224.8000000,227.4200000,224.7300000,226.4800000,330459
22/12/20,00:00:00,227.0400000,231.8400000,226.7000000,231.1800000,365822
23/12/20,00:00:00,232.6100000,232.6800000,227.1300000,227.3500000,203598
24/12/20,00:00:00,228.5100000,229.1700000,224.8700000,225.8200000,143895
28/12/20,00:00:00,227.4700000,227.8400000,222.0600000,224.5300000,184535
29/12/20,00:00:00,225.1600000,225.1600000,220.9600000,222.3800000,160869
30/12/20,00:00:00,223.4400000,223.5900000,221.6000000,222.4400000,140743
31/12/20,00:00:00,222.1900000,222.7400000,220.2000000,222.4500000,207612
